Workbook

Sheet Raw Data
A1: Ludhiana Electronics Shop — Monthly Sales Data (Day 1 Dataset)
A2: Your task: find the best and worst performing product using the 4-step analyst framework
A4: Product | B4: Jan Sales (units) | C4: Feb Sales (units) | D4: Mar Sales (units) | E4: Price per Unit (₹) | F4: Total Units Sold | G4: Total Revenue | H4: Average Monthly Sales | I4: Trend(Mar vs Jan) | J4: Revenue Rank
A5: Mobile Cover | B5: 120 | C5: 135 | D5: 98 | E5: 149 | F5: =B5+C5+D5 -> 353 | G5: =F5*E5 -> 52597 | H5: =AVERAGE(B5:D5) -> 117.66667 | I5: =D5-B5 -> -22 | J5: =RANK('Raw Data'!G5,$G$5:$G$9) -> 3
A6: Earphones | B6: 85 | C6: 92 | D6: 110 | E6: 399 | F6: =B6+C6+D6 -> 287 | G6: =F6*E6 -> 114513 | H6: =AVERAGE(B6:D6) -> 95.666667 | I6: =D6-B6 -> 25 | J6: =RANK('Raw Data'!G6,$G$5:$G$9) -> 1
A7: USB Cable | B7: 200 | C7: 187 | D7: 210 | E7: 99 | F7: =B7+C7+D7 -> 597 | G7: =F7*E7 -> 59103 | H7: =AVERAGE(B7:D7) -> 199 | I7: =D7-B7 -> 10 | J7: =RANK('Raw Data'!G7,$G$5:$G$9) -> 2
A8: Phone Stand | B8: 45 | C8: 38 | D8: 52 | E8: 249 | F8: =B8+C8+D8 -> 135 | G8: =F8*E8 -> 33615 | H8: =AVERAGE(B8:D8) -> 45 | I8: =D8-B8 -> 7 | J8: =RANK('Raw Data'!G8,$G$5:$G$9) -> 5
A9: Screen Guard | B9: 160 | C9: 155 | D9: 140 | E9: 79 | F9: =B9+C9+D9 -> 455 | G9: =F9*E9 -> 35945 | H9: =AVERAGE(B9:D9) -> 151.66667 | I9: =D9-B9 -> -20 | J9: =RANK('Raw Data'!G9,$G$5:$G$9) -> 4
A11: Your recommendation:
A12: Earphones are best for sale and Phone Stand are worst now.

Sheet Practice Guide
B1: Day 1 — Step-by-Step Practice Guide
B3: STEP 1
B4: Total Units Sold | C4: In column F (Raw Data sheet), Row 5: =B5+C5+D5 Drag down to Row 9. This shows how many units each product sold total.
B6: STEP 2
B7: Total Revenue | C7: In column G, Row 5: =F5*E5 Drag down to Row 9. Revenue = units × price. This is what matters most.
B9: STEP 3
B10: Average Monthly Sales | C10: In column H, Row 5: =AVERAGE(B5:D5) Drag down to Row 9. Shows typical monthly performance.
B12: STEP 4
B13: Trend (Mar vs Jan) | C13: In column I, Row 5: =D5-B5 Positive = growing. Negative = shrinking. This tells you momentum, not just current size.
B15: STEP 5
B16: Revenue Rank | C16: In column J, Row 5: =RANK(G5,$G$5:$G$9,0) Rank 1 = highest revenue. This instantly shows your best and worst product.
B18: After finishing: write your one-sentence recommendation in the Raw Data sheet cell A12.
