Workbook

Sheet Employee Data
A1: Employee Performance Data — NexaTech India | Q1 2024
A2: Columns A-G = raw data (do not edit). Columns H-J = YOUR formulas using COUNTIF, SUMIF, and advanced IF logic.
A3: Emp ID | B3: Employee Name | C3: Department | D3: Salary (Rs) | E3: Tasks Completed | F3: Target | G3: Rating (1-5) | H3: Bonus Eligible? | I3: Performance Grade | J3: Bonus Amount (Rs)
A4: EMP-001 | B4: Priya Sharma | C4: Sales | D4: 52000 | E4: 47 | F4: 40 | G4: 4 | H4: =IF(AND(E4>=F4,G4>=4),"Yes","No") -> Yes | I4: =_xlfn.IFS(G4=5,"Outstanding",G4=4,"Good",G4=3,"Average",G4<=2,"Needs Improvement") -> Good | J4: =IF(AND(E4>=F4,G4>=4),IF(G4=5,D4*0.15,D4*0.1),0) -> 5200
A5: EMP-002 | B5: Rohan Mehta | C5: Tech | D5: 68000 | E5: 38 | F5: 45 | G5: 3 | H5: =IF(AND(E5>=F5,G5>=4),"Yes","No") -> No | I5: =_xlfn.IFS(G5=5,"Outstanding",G5=4,"Good",G5=3,"Average",G5<=2,"Needs Improvement") -> Average | J5: =IF(AND(E5>=F5,G5>=4),IF(G5=5,D5*0.15,D5*0.1),0) -> 0
A6: EMP-003 | B6: Anjali Singh | C6: HR | D6: 41000 | E6: 52 | F6: 50 | G6: 5 | H6: =IF(AND(E6>=F6,G6>=4),"Yes","No") -> Yes | I6: =_xlfn.IFS(G6=5,"Outstanding",G6=4,"Good",G6=3,"Average",G6<=2,"Needs Improvement") -> Outstanding | J6: =IF(AND(E6>=F6,G6>=4),IF(G6=5,D6*0.15,D6*0.1),0) -> 6150
A7: EMP-004 | B7: Vikram Nair | C7: Sales | D7: 55000 | E7: 33 | F7: 40 | G7: 2 | H7: =IF(AND(E7>=F7,G7>=4),"Yes","No") -> No | I7: =_xlfn.IFS(G7=5,"Outstanding",G7=4,"Good",G7=3,"Average",G7<=2,"Needs Improvement") -> Needs Improvement | J7: =IF(AND(E7>=F7,G7>=4),IF(G7=5,D7*0.15,D7*0.1),0) -> 0
A8: EMP-005 | B8: Deepa Iyer | C8: Finance | D8: 71000 | E8: 61 | F8: 55 | G8: 5 | H8: =IF(AND(E8>=F8,G8>=4),"Yes","No") -> Yes | I8: =_xlfn.IFS(G8=5,"Outstanding",G8=4,"Good",G8=3,"Average",G8<=2,"Needs Improvement") -> Outstanding | J8: =IF(AND(E8>=F8,G8>=4),IF(G8=5,D8*0.15,D8*0.1),0) -> 10650
A9: EMP-006 | B9: Karan Patel | C9: Tech | D9: 63000 | E9: 41 | F9: 45 | G9: 4 | H9: =IF(AND(E9>=F9,G9>=4),"Yes","No") -> No | I9: =_xlfn.IFS(G9=5,"Outstanding",G9=4,"Good",G9=3,"Average",G9<=2,"Needs Improvement") -> Good | J9: =IF(AND(E9>=F9,G9>=4),IF(G9=5,D9*0.15,D9*0.1),0) -> 0
A10: EMP-007 | B10: Sneha Reddy | C10: Sales | D10: 49000 | E10: 44 | F10: 40 | G10: 4 | H10: =IF(AND(E10>=F10,G10>=4),"Yes","No") -> Yes | I10: =_xlfn.IFS(G10=5,"Outstanding",G10=4,"Good",G10=3,"Average",G10<=2,"Needs Improvement") -> Good | J10: =IF(AND(E10>=F10,G10>=4),IF(G10=5,D10*0.15,D10*0.1),0) -> 4900
A11: EMP-008 | B11: Arjun Das | C11: Finance | D11: 74000 | E11: 58 | F11: 55 | G11: 5 | H11: =IF(AND(E11>=F11,G11>=4),"Yes","No") -> Yes | I11: =_xlfn.IFS(G11=5,"Outstanding",G11=4,"Good",G11=3,"Average",G11<=2,"Needs Improvement") -> Outstanding | J11: =IF(AND(E11>=F11,G11>=4),IF(G11=5,D11*0.15,D11*0.1),0) -> 11100
A12: EMP-009 | B12: Meera Joshi | C12: HR | D12: 39000 | E12: 29 | F12: 50 | G12: 2 | H12: =IF(AND(E12>=F12,G12>=4),"Yes","No") -> No | I12: =_xlfn.IFS(G12=5,"Outstanding",G12=4,"Good",G12=3,"Average",G12<=2,"Needs Improvement") -> Needs Improvement | J12: =IF(AND(E12>=F12,G12>=4),IF(G12=5,D12*0.15,D12*0.1),0) -> 0
A13: EMP-010 | B13: Suresh Kumar | C13: Tech | D13: 61000 | E13: 50 | F13: 45 | G13: 4 | H13: =IF(AND(E13>=F13,G13>=4),"Yes","No") -> Yes | I13: =_xlfn.IFS(G13=5,"Outstanding",G13=4,"Good",G13=3,"Average",G13<=2,"Needs Improvement") -> Good | J13: =IF(AND(E13>=F13,G13>=4),IF(G13=5,D13*0.15,D13*0.1),0) -> 6100
A14: EMP-011 | B14: Pooja Verma | C14: Sales | D14: 50000 | E14: 36 | F14: 40 | G14: 3 | H14: =IF(AND(E14>=F14,G14>=4),"Yes","No") -> No | I14: =_xlfn.IFS(G14=5,"Outstanding",G14=4,"Good",G14=3,"Average",G14<=2,"Needs Improvement") -> Average | J14: =IF(AND(E14>=F14,G14>=4),IF(G14=5,D14*0.15,D14*0.1),0) -> 0
A15: EMP-012 | B15: Rahul Gupta | C15: Finance | D15: 76000 | E15: 63 | F15: 55 | G15: 5 | H15: =IF(AND(E15>=F15,G15>=4),"Yes","No") -> Yes | I15: =_xlfn.IFS(G15=5,"Outstanding",G15=4,"Good",G15=3,"Average",G15<=2,"Needs Improvement") -> Outstanding | J15: =IF(AND(E15>=F15,G15>=4),IF(G15=5,D15*0.15,D15*0.1),0) -> 11400
... A23: EMP-020 | B23: Nikhil Sharma | C23: Finance | D23: 72000 | E23: 48 | F23: 55 | G23: 3 | H23: =IF(AND(E23>=F23,G23>=4),"Yes","No") -> No | I23: =_xlfn.IFS(G23=5,"Outstanding",G23=4,"Good",G23=3,"Average",G23<=2,"Needs Improvement") -> Average | J23: =IF(AND(E23>=F23,G23>=4),IF(G23=5,D23*0.15,D23*0.1),0) -> 0
A25: TASK GUIDE — Build these 3 formulas in columns H, I, J
A26: H4:H23 | B26: IF + AND | C26: Bonus Eligible? | D26: =IF(AND(E4>=F4,G4>=4),"Yes","No") -> Yes | G26: Yes if Tasks Completed >= Target AND Rating >= 4. Otherwise No.
A27: I4:I23 | B27: IFS | C27: Performance Grade | D27: =IF(G4=5,"Outstanding",IF(G4=4,"Good",IF(G4=3,"Average","Needs Improvement"))) -> Good | G27: Grade by Rating: 5=Outstanding, 4=Good, 3=Average, 2 or below=Needs Improvement
A28: J4:J23 | B28: IF + AND | C28: Bonus Amount (Rs) | D28: =IF(AND(E4>=F4,G4>=4),IF(G4=5,D4*0.15,D4*0.1),0) -> 5200 | G28: If eligible: Rating 5 = 15% of salary. Rating 4 = 10% of salary. Not eligible = 0

Sheet Summary Table
A1: Summary Table — Department Analysis | Day 10 Practice
A2: Columns B-G = YOUR formulas using COUNTIF, SUMIF, AVERAGEIF. Column A = given.
A3: Department | B3: Headcount | C3: Total Salary (Rs) | D3: Avg Salary (Rs) | E3: Total Tasks Done | F3: Avg Rating | G3: Bonus Eligible Count
A4: Sales | B4: =COUNTIF('Employee Data'!C$4:C$23,A4) -> 6 | C4: =SUMIF('Employee Data'!C$4:C$23,A4,'Employee Data'!D$4:D$23) -> 307000 | D4: =AVERAGEIF('Employee Data'!C$4:C$23,A4,'Employee Data'!D$4:D$23) -> 51166.667 | E4: =SUMIF('Employee Data'!$C$4:$C$23,A4,'Employee Data'!$E$4:$E$23) -> 239 | F4: =AVERAGEIF('Employee Data'!$C$4:$C$23,A4,'Employee Data'!$G$4:$G$23) -> 3.1666667 | G4: =COUNTIFS('Employee Data'!C$4:C$23,A4,'Employee Data'!H$4:H$23,"Yes") -> 3
A5: Tech | B5: =COUNTIF('Employee Data'!C$4:C$23,A5) -> 5 | C5: =SUMIF('Employee Data'!C$4:C$23,A5,'Employee Data'!D$4:D$23) -> 324000 | D5: =AVERAGEIF('Employee Data'!C$4:C$23,A5,'Employee Data'!D$4:D$23) -> 64800 | E5: =SUMIF('Employee Data'!$C$4:$C$23,A5,'Employee Data'!$E$4:$E$23) -> 214 | F5: =AVERAGEIF('Employee Data'!$C$4:$C$23,A5,'Employee Data'!$G$4:$G$23) -> 3.6 | G5: =COUNTIFS('Employee Data'!C$4:C$23,A5,'Employee Data'!H$4:H$23,"Yes") -> 2
A6: Finance | B6: =COUNTIF('Employee Data'!C$4:C$23,A6) -> 5 | C6: =SUMIF('Employee Data'!C$4:C$23,A6,'Employee Data'!D$4:D$23) -> 362000 | D6: =AVERAGEIF('Employee Data'!C$4:C$23,A6,'Employee Data'!D$4:D$23) -> 72400 | E6: =SUMIF('Employee Data'!$C$4:$C$23,A6,'Employee Data'!$E$4:$E$23) -> 281 | F6: =AVERAGEIF('Employee Data'!$C$4:$C$23,A6,'Employee Data'!$G$4:$G$23) -> 4.2 | G6: =COUNTIFS('Employee Data'!C$4:C$23,A6,'Employee Data'!H$4:H$23,"Yes") -> 3
A7: HR | B7: =COUNTIF('Employee Data'!C$4:C$23,A7) -> 4 | C7: =SUMIF('Employee Data'!C$4:C$23,A7,'Employee Data'!D$4:D$23) -> 166000 | D7: =AVERAGEIF('Employee Data'!C$4:C$23,A7,'Employee Data'!D$4:D$23) -> 41500 | E7: =SUMIF('Employee Data'!$C$4:$C$23,A7,'Employee Data'!$E$4:$E$23) -> 189 | F7: =AVERAGEIF('Employee Data'!$C$4:$C$23,A7,'Employee Data'!$G$4:$G$23) -> 4.25 | G7: =COUNTIFS('Employee Data'!C$4:C$23,A7,'Employee Data'!H$4:H$23,"Yes") -> 3
A9: TASK GUIDE — Summary formulas for the Sales row (B4). Drag/copy down for other departments.
A10: B4 | B10: COUNTIF | C10: Headcount | D10: =COUNTIF('Employee Data'!C$4:C$23,A4) -> 6 | F10: Count employees where Department = Sales
A11: C4 | B11: SUMIF | C11: Total Salary | D11: =SUMIF('Employee Data'!C$4:C$23,A4,'Employee Data'!D$4:D$23) -> 307000 | F11: Sum salaries where Department = Sales
A12: D4 | B12: AVERAGEIF | C12: Avg Salary | D12: =AVERAGEIF('Employee Data'!C$4:C$23,A4,'Employee Data'!D$4:D$23) -> 51166.667 | F12: Average salary for Sales employees
A13: E4 | B13: SUMIF | C13: Total Tasks Done | D13: =SUMIF('Employee Data'!C$4:C$23,A4,'Employee Data'!E$4:E$23) -> 239 | F13: Sum tasks completed where Department = Sales
A14: F4 | B14: AVERAGEIF | C14: Avg Rating | D14: =AVERAGEIF('Employee Data'!C$4:C$23,A4,'Employee Data'!G$4:G$23) -> 3.1666667 | F14: Average rating for Sales employees
A15: G4 | B15: COUNTIFS | C15: Bonus Eligible Count | D15: =COUNTIFS('Employee Data'!C$4:C$23,A4,'Employee Data'!H$4:H$23,"Yes") -> 3 | F15: Count employees in Sales where Bonus Eligible = Yes

Sheet Concept Notes
A1: Day 10 Concept Notes — COUNTIF, SUMIF, AVERAGEIF + IF with AND/OR
A2: Function | B2: What it does | C2: Plain English example
A3: ── COUNTIF / SUMIF / AVERAGEIF ──
A4: COUNTIF | B4: It helps us to count the employees and that particular department | C4: COUNTIF(C4:C23, Sales) How many Sales employees?
A5: SUMIF | B5: It helps us to calculate the total salary of that particular department | C5: SUMIF(C4:C23, Sales, D4:D23) Total salary for Sales dept
A6: AVERAGEIF | B6: It helps us to calculate the average of the salary or ratings in that particular department | C6: AVERAGEIF(C4:C23, Sales, G4:G23) Avg rating in Sales
A7: COUNTIFS | B7: It helps us to count the employees matching multiple conditions, such as department and bonus eligibility at the same time | C7: COUNTIFS(C4:C23, Sales, H4:H23, Yes) Sales employees who are bonus eligible
A8: SUMIFS | B8: It helps us to calculate the total salary (or any value) where multiple conditions are met simultaneously, such as department and rating | C8: SUMIFS(D4:D23, C4:C23, Sales, G4:G23, 5) Salary of Outstanding Sales staff
A9: ── IF WITH AND / OR ──
A10: IF + AND | B10: =IF(AND(cond1, cond2), true_val, false_val) Both conditions must be true. | C10: IF(AND(E4>=F4, G4>=4), Yes, No) Met target AND rating >= 4
A11: IF + OR | B11: =IF(OR(cond1, cond2), true_val, false_val) Either condition can be true. | C11: IF(OR(G4=5, E4>=F4*1.2), Star, Standard) Outstanding OR exceeded by 20%
A12: Nested bonus calc | B12: =IF(AND(E4>=F4,G4>=4), IF(G4=5, D4*0.15, D4*0.1), 0) Two-level bonus logic. | C12: Eligible check first, then rate check inside the true branch
A13: ── COMMON MISTAKES ──
A14: COUNTIF criteria quotes | B14: Text criteria must be in quotes: COUNTIF(C:C, Sales) fails. COUNTIF(C:C, "Sales") works. | C14: Numbers don't need quotes: COUNTIF(G:G, 5) is fine
A15: SUMIF argument order | B15: SUMIF(criteria_range, criteria, sum_range) — 3rd argument is what to add up. | C15: Common error: swapping sum_range and criteria_range
A16: AVERAGEIF vs AVERAGE+IF | B16: AVERAGEIF is one function. Never use =AVERAGE(IF(...)) — that's an array formula and behaves differently. | C16: Always use AVERAGEIF for conditional averages in Excel
A17: AND inside IF | B17: AND() must be inside IF() — it cannot stand alone as a cell value in the same way.

Sheet Scoring Guide
A1: Day 10 Scoring Guide — Total: 50 points
A2: Task | B2: Points | C2: What is checked
A3: Employee Data — Col H: Bonus Eligible | B3: 8 pts | C3: IF+AND logic. Yes = Tasks>=Target AND Rating>=4. All 20 rows correct. -1pt per error.
A4: Employee Data — Col I: Performance Grade | B4: 8 pts | C4: IFS by rating. Outstanding/Good/Average/Needs Improvement. Exact text. -1pt per error.
A5: Employee Data — Col J: Bonus Amount | B5: 8 pts | C5: IF+AND nested logic. Rating 5 = 15% salary. Rating 4 = 10% salary. Not eligible = 0.
A6: Summary — Col B: Headcount (COUNTIF) | B6: 6 pts | C6: Sales=5, Tech=5, Finance=5, HR=5. Formula must use COUNTIF referencing Employee Data.
A7: Summary — Col C: Total Salary (SUMIF) | B7: 5 pts | C7: Correct sum per department. Formula approach only — no manual addition.
A8: Summary — Col D: Avg Salary (AVERAGEIF) | B8: 5 pts | C8: Correct average per department. Rounded to nearest rupee acceptable.
A9: Summary — Col E: Total Tasks (SUMIF) | B9: 4 pts | C9: Sum of tasks completed per department from Employee Data.
A10: Summary — Col F: Avg Rating (AVERAGEIF) | B10: 2 pts | C10: Average rating per department. 1 decimal place acceptable.
A11: Summary — Col G: Bonus Count (COUNTIFS) | B11: 4 pts | C11: Count of bonus-eligible employees per department. Uses COUNTIFS with 2 conditions.
A13: IMPORTANT: Summary Table formulas must reference Employee Data sheet using COUNTIF/SUMIF/AVERAGEIF. Manually counting or hardcoding numbers = 0 pts for that cell even if the value is correct.
A15: ANSWER KEY — Employee Data columns H, I, J
A16: Employee | B16: Bonus Eligible | C16: Grade | Bonus Amount
A17: Priya Sharma | B17: Yes | C17: Good | Rs 5,200 (10% of 52,000)
A18: Rohan Mehta | B18: No | C18: Average | Rs 0
A19: Anjali Singh | B19: Yes | C19: Outstanding | Rs 6,150 (15% of 41,000)
A20: Vikram Nair | B20: No | C20: Needs Improvement | Rs 0
A21: Deepa Iyer | B21: Yes | C21: Outstanding | Rs 10,650 (15% of 71,000)
A22: Karan Patel | B22: No | C22: Good | Rs 0 (tasks 41 < target 45)
A23: Sneha Reddy | B23: Yes | C23: Good | Rs 4,900 (10% of 49,000)
A24: Arjun Das | B24: Yes | C24: Outstanding | Rs 11,100 (15% of 74,000)
A25: Meera Joshi | B25: No | C25: Needs Improvement | Rs 0
A26: Suresh Kumar | B26: Yes | C26: Good | Rs 6,100 (10% of 61,000)
A27: Pooja Verma | B27: No | C27: Average | Rs 0 (tasks 36 < target 40)
... A36: Nikhil Sharma | B36: No | C36: Average | Rs 0 (tasks 48 < target 55)
A38: ANSWER KEY — Summary Table
A39: Department | B39: Headcount | C39: Total Salary | Avg Salary | Total Tasks | Avg Rating | Bonus Count
A40: Sales | B40: 5 | C40: Rs 2,57,000 | Rs 51,400 | 209 tasks | 3.0 | 3 eligible
A41: Tech | B41: 5 | C41: Rs 3,24,000 | Rs 64,800 | 214 tasks | 3.6 | 3 eligible
A42: Finance | B42: 5 | C42: Rs 3,62,000 | Rs 72,400 | 281 tasks | 4.2 | 4 eligible
A43: HR | B43: 5 | C43: Rs 2,06,000 | Rs 41,200 | 218 tasks | 3.4 | 3 eligible
