Workbook

Sheet Customer Orders
A1: Ludhiana Electronics Shop — Customer Orders (Day 3 Dataset)
A2: Task: use VLOOKUP to pull price from 'Price List' sheet, then calculate revenue per order
A4: Order ID | B4: Customer Name | C4: Product Purchased | D4: Qty | E4: Unit Price (₹) [VLOOKUP this] | F4: Order Revenue (₹) [calculate] | G4: Revenue Rank [RANK] | H4: Customer Segment [IF]
A5: ORD-001 | B5: Priya Sharma | C5: Earphones | D5: 3 | E5: =VLOOKUP(C5,'Price List'!$A$5:$B$9,2,0) -> 399 | F5: =D5*E5 -> 1197 | G5: =RANK(F5,$F$5:$F$16,0) -> 1 | H5: =IF('Customer Orders'!F5>'Customer Orders'!$F$17*0.15,"High Value Customer",IF(F5>='Customer Orders'!$F$17*0.08,"Medium Customer","Standard Customer")) -> High Value Customer
A6: ORD-002 | B6: Rahul Mehta | C6: USB Cable | D6: 5 | E6: =VLOOKUP(C6,'Price List'!$A$5:$B$9,2,0) -> 99 | F6: =D6*E6 -> 495 | G6: =RANK(F6,$F$5:$F$16,0) -> 7 | H6: =IF('Customer Orders'!F6>'Customer Orders'!$F$17*0.15,"High Value Customer",IF(F6>='Customer Orders'!$F$17*0.08,"Medium Customer","Standard Customer")) -> Standard Customer
A7: ORD-003 | B7: Anita Verma | C7: Mobile Cover | D7: 2 | E7: =VLOOKUP(C7,'Price List'!$A$5:$B$9,2,0) -> 149 | F7: =D7*E7 -> 298 | G7: =RANK(F7,$F$5:$F$16,0) -> 10 | H7: =IF('Customer Orders'!F7>'Customer Orders'!$F$17*0.15,"High Value Customer",IF(F7>='Customer Orders'!$F$17*0.08,"Medium Customer","Standard Customer")) -> Standard Customer
A8: ORD-004 | B8: Suresh Patel | C8: Phone Stand | D8: 1 | E8: =VLOOKUP(C8,'Price List'!$A$5:$B$9,2,0) -> 249 | F8: =D8*E8 -> 249 | G8: =RANK(F8,$F$5:$F$16,0) -> 11 | H8: =IF('Customer Orders'!F8>'Customer Orders'!$F$17*0.15,"High Value Customer",IF(F8>='Customer Orders'!$F$17*0.08,"Medium Customer","Standard Customer")) -> Standard Customer
A9: ORD-005 | B9: Deepika Singh | C9: Screen Guard | D9: 4 | E9: =VLOOKUP(C9,'Price List'!$A$5:$B$9,2,0) -> 79 | F9: =D9*E9 -> 316 | G9: =RANK(F9,$F$5:$F$16,0) -> 9 | H9: =IF('Customer Orders'!F9>'Customer Orders'!$F$17*0.15,"High Value Customer",IF(F9>='Customer Orders'!$F$17*0.08,"Medium Customer","Standard Customer")) -> Standard Customer
A10: ORD-006 | B10: Arjun Nair | C10: Earphones | D10: 2 | E10: =VLOOKUP(C10,'Price List'!$A$5:$B$9,2,0) -> 399 | F10: =D10*E10 -> 798 | G10: =RANK(F10,$F$5:$F$16,0) -> 4 | H10: =IF('Customer Orders'!F10>'Customer Orders'!$F$17*0.15,"High Value Customer",IF(F10>='Customer Orders'!$F$17*0.08,"Medium Customer","Standard Customer")) -> Medium Customer
A11: ORD-007 | B11: Kavya Reddy | C11: USB Cable | D11: 8 | E11: =VLOOKUP(C11,'Price List'!$A$5:$B$9,2,0) -> 99 | F11: =D11*E11 -> 792 | G11: =RANK(F11,$F$5:$F$16,0) -> 5 | H11: =IF('Customer Orders'!F11>'Customer Orders'!$F$17*0.15,"High Value Customer",IF(F11>='Customer Orders'!$F$17*0.08,"Medium Customer","Standard Customer")) -> Medium Customer
A12: ORD-008 | B12: Mohit Gupta | C12: Mobile Cover | D12: 6 | E12: =VLOOKUP(C12,'Price List'!$A$5:$B$9,2,0) -> 149 | F12: =D12*E12 -> 894 | G12: =RANK(F12,$F$5:$F$16,0) -> 3 | H12: =IF('Customer Orders'!F12>'Customer Orders'!$F$17*0.15,"High Value Customer",IF(F12>='Customer Orders'!$F$17*0.08,"Medium Customer","Standard Customer")) -> Medium Customer
A13: ORD-009 | B13: Sneha Joshi | C13: Phone Stand | D13: 3 | E13: =VLOOKUP(C13,'Price List'!$A$5:$B$9,2,0) -> 249 | F13: =D13*E13 -> 747 | G13: =RANK(F13,$F$5:$F$16,0) -> 6 | H13: =IF('Customer Orders'!F13>'Customer Orders'!$F$17*0.15,"High Value Customer",IF(F13>='Customer Orders'!$F$17*0.08,"Medium Customer","Standard Customer")) -> Medium Customer
A14: ORD-010 | B14: Vikram Bose | C14: Screen Guard | D14: 2 | E14: =VLOOKUP(C14,'Price List'!$A$5:$B$9,2,0) -> 79 | F14: =D14*E14 -> 158 | G14: =RANK(F14,$F$5:$F$16,0) -> 12 | H14: =IF('Customer Orders'!F14>'Customer Orders'!$F$17*0.15,"High Value Customer",IF(F14>='Customer Orders'!$F$17*0.08,"Medium Customer","Standard Customer")) -> Standard Customer
A15: ORD-011 | B15: Pooja Iyer | C15: Earphones | D15: 1 | E15: =VLOOKUP(C15,'Price List'!$A$5:$B$9,2,0) -> 399 | F15: =D15*E15 -> 399 | G15: =RANK(F15,$F$5:$F$16,0) -> 8 | H15: =IF('Customer Orders'!F15>'Customer Orders'!$F$17*0.15,"High Value Customer",IF(F15>='Customer Orders'!$F$17*0.08,"Medium Customer","Standard Customer")) -> Standard Customer
A16: ORD-012 | B16: Rohan Das | C16: USB Cable | D16: 10 | E16: =VLOOKUP(C16,'Price List'!$A$5:$B$9,2,0) -> 99 | F16: =D16*E16 -> 990 | G16: =RANK(F16,$F$5:$F$16,0) -> 2 | H16: =IF('Customer Orders'!F16>'Customer Orders'!$F$17*0.15,"High Value Customer",IF(F16>='Customer Orders'!$F$17*0.08,"Medium Customer","Standard Customer")) -> Medium Customer
A17: TOTAL | D17: =SUM(D5:D16) -> 47 | F17: =SUM(F5:F16) -> 7333
A19: Your business recommendation (write after completing all steps):
A20: Priya Sharma is our highest value customer at Rs.1197.Earphones are our most high- value orders.Recommend to stock them in advance to grow this revenue.

Sheet Price List
A1: Product Price List — Source of Truth
A2: VLOOKUP will look here. Do NOT change column order.
A4: Product Name | B4: Unit Price (₹) | C4: Category
A5: Earphones | B5: 399 | C5: Audio
A6: USB Cable | B6: 99 | C6: Accessories
A7: Mobile Cover | B7: 149 | C7: Protection
A8: Screen Guard | B8: 79 | C8: Protection
A9: Phone Stand | B9: 249 | C9: Stand
A13: This is your VLOOKUP table_array: 'Price List'!$A$5:$B$9
A14: Column 1 = Product Name (this is what VLOOKUP searches) Column 2 = Unit Price (this is col_index_num = 2) Always lock the range with $ so it doesn't shift when you drag.

Sheet Practice Guide
A1: Day 3 — Step-by-Step Practice Guide
A2: # | B2: Step | C2: Formula / Action | D2: Why this matters
A3: 1 | B3: VLOOKUP Unit Price | C3: In 'Customer Orders' sheet, cell E5: =VLOOKUP(C5,'Price List'!$A$5:$B$9,2,0) Then drag down to E16.
C4: C5 = what you're looking up (product name) 'Price List'!$A$5:$B$9 = where to look (locked with $) 2 = bring back column 2 (price) 0 = exact match only — NEVER use 1 here for text lookups Result: Excel goes to Price List, finds the product, returns its price.
A6: 2 | B6: Order Revenue | C6: In cell F5: =D5*E5 Drag down to F16. Then check: does F17 total make sense?
C7: Qty × Unit Price = Order Revenue. This only works AFTER step 1 — E column must have prices first. Always sanity-check: total revenue should be between ₹5,000–₹15,000 given the quantities in this dataset.
A9: 3 | B9: Revenue Rank | C9: In cell G5: =RANK(F5,$F$5:$F$16,0) Drag down to G16.
C10: Same RANK formula as Day 1 and Day 2. Now you're ranking orders, not products. Rank 1 = highest revenue order. You should have 12 unique ranks (one per order).
A12: 4 | B12: Customer Segment IF | C12: In cell H5: =IF(F5>=$F$17*0.15,"High Value",IF(F5>=$F$17*0.08,"Medium","Standard")) Drag down to H16.
C13: This labels each order based on its share of total revenue. ≥15% of total = High Value customer ≥8% of total = Medium customer Below 8% = Standard Notice: $F$17 is the total revenue cell (locked). This is smarter than a fixed number — it adjusts if data changes.
A15: 5 | B15: Recommendation | C15: In 'Customer Orders' sheet, cell A20: Use this template: "[Customer] is the highest-value order at ₹[X] ([Y]% of total). [Product] is driving most high-value orders. Recommend [action] to protect/grow this revenue."
C16: Day 1: named best/worst. Day 2: added % and risk. Day 3: now you have customer-level insight + product link. This is the progression from data reporter to data analyst.
A19: VLOOKUP anatomy — memorise this structure
A20: VLOOKUP( C5 , 'Price List'!$A$5:$B$9 , 2 , 0 ) ← full formula structure
A21: What to look for (product name in this order) | B21: Where to look (locked price list table) | C21: Which column to return (2 = price column) | D21: Match type (0 = exact match ALWAYS use 0)
A23: COMMON MISTAKE: forgetting the $ in the table array. Without $A$5:$B$9 the range shifts when you drag the formula down and every row after the first returns wrong prices or errors. Always lock the lookup table.
