Workbook
Name PricePerUnit: 'Raw Data'!$D$2:$D$16
Name Returns: 'Raw Data'!$E$2:$E$16
Name UnitsSold: 'Raw Data'!$C$2:$C$16

Sheet Raw Data
A1: Month | B1: Product | C1: Units Sold | D1: Price (₹) | E1: Returns | F1: Region
A2: Jan | B2: Earphones | C2: 110 | D2: 399 | E2: 8 | F2: North
A3: Jan | B3: USB Cable | C3: 210 | D3: 99 | E3: 5 | F3: North
A4: Jan | B4: Mobile Cover | C4: 135 | D4: 149 | E4: 3 | F4: South
A5: Jan | B5: Screen Guard | C5: 155 | D5: 79 | E5: 10 | F5: East
A6: Jan | B6: Phone Stand | C6: 52 | D6: 249 | E6: 2 | F6: West
A7: Feb | B7: Earphones | C7: 92 | D7: 399 | E7: 6 | F7: North
A8: Feb | B8: USB Cable | C8: 187 | D8: 99 | E8: 4 | F8: North
A9: Feb | B9: Mobile Cover | C9: 120 | D9: 149 | E9: 5 | F9: South
A10: Feb | B10: Screen Guard | C10: 140 | D10: 79 | E10: 9 | F10: East
A11: Feb | B11: Phone Stand | C11: 38 | D11: 249 | E11: 1 | F11: West
A12: Mar | B12: Earphones | C12: 128 | D12: 399 | E12: 11 | F12: North
A13: Mar | B13: USB Cable | C13: 225 | D13: 99 | E13: 6 | F13: North
... A16: Mar | B16: Phone Stand | C16: 61 | D16: 249 | E16: 4 | F16: West

Sheet Named Ranges Practice
A1: YOUR TASK — Named Ranges
A2: Step 1: Go to Raw Data sheet. Select C2:C16 (Units Sold column, all 15 rows).
A3: Name it → click the Name Box (top-left, shows 'C2') → type: UnitsSold → press Enter
A4: Step 2: Select D2:D16 (Price column). Name it: PricePerUnit
A5: Step 3: Select E2:E16 (Returns column). Name it: Returns
A6: Step 4: In this sheet, use your named ranges to fill the yellow cells below.
A7: Do NOT use C2:C16 etc. Use the name you created.
A9: Metric | B9: Your Formula | C9: Expected Answer
A10: Total Units Sold (all months, all products) | B10: =SUM(UnitsSold) -> 1911 | C10: 1,931
A11: Average Units Sold per row | B11: =AVERAGE(UnitsSold) -> 127.4 | C11: 128.7
A12: Total Returns | B12: =SUM(Returns) -> 88 | C12: 88
A13: Highest Price product (max price) | B13: =MAX(PricePerUnit) -> 399 | C13: 399
A14: Lowest Price product (min price) | B14: =MIN(PricePerUnit) -> 79 | C14: 79
A15: Return Rate (Total Returns / Total Units) | B15: =B12/B10 -> 0.046049189 | C15: 4.6%

Sheet Dashboard Layout
A1: 🗂️ Retail Sales Dashboard — Q1 (Jan–Mar)
A3: KPI SUMMARY — Use named ranges to fill the yellow cells
A4: Total Units | C4: Total Revenue | E4: Total Returns | G4: Return Rate
B5: =SUM(B9:B13) -> 1911 | D5: =SUM(C9:C13) -> 319389 | F5: =SUM(D9:D13) -> 88 | H5: =F5/B5 -> 0.046049189
A7: PRODUCT BREAKDOWN TABLE — Fill using formulas referencing Raw Data
A8: Product | B8: Total Units | C8: Revenue (₹) | D8: Returns | E8: Avg Monthly Units | F8: Status
A9: Earphones | B9: =SUMIF('Raw Data'!B2:B16,"Earphones",UnitsSold) -> 330 | C9: =SUMPRODUCT(('Raw Data'!B2:B16="Earphones")*UnitsSold*PricePerUnit) -> 131670 | D9: =SUMIF('Raw Data'!B:B,"Earphones",'Raw Data'!E1:E16) -> 25 | E9: =B9/3 -> 110 | F9: =IF(C9>100000,"⭐ Top",IF(C9>50000,"✅ Mid", "⚠ Low")) -> ⭐ Top
A10: USB Cable | B10: =SUMIF('Raw Data'!B:B,"USB Cable",'Raw Data'!C:C) -> 622 | C10: =SUMPRODUCT(('Raw Data'!B2:B16="USB Cable")*UnitsSold*PricePerUnit) -> 61578 | D10: =SUMIF('Raw Data'!B:B,"USB Cable",'Raw Data'!E1:E16) -> 15 | E10: =B10/3 -> 207.33333 | F10: =IF(C10>100000,"⭐ Top",IF(C10>50000,"✅ Mid", "⚠ Low")) -> ✅ Mid
A11: Mobile Cover | B11: =SUMIF('Raw Data'!B:B,"Mobile Cover",'Raw Data'!C:C) -> 353 | C11: =SUMPRODUCT(('Raw Data'!B2:B16="Mobile Cover")*UnitsSold*PricePerUnit) -> 52597 | D11: =SUMIF('Raw Data'!B:B,"Mobile Cover",'Raw Data'!E1:E16) -> 10 | E11: =B11/3 -> 117.66667 | F11: =IF(C11>100000,"⭐ Top",IF(C11>50000,"✅ Mid", "⚠ Low")) -> ✅ Mid
A12: Screen Guard | B12: =SUMIF('Raw Data'!B:B,"Screen Guard",'Raw Data'!C:C) -> 455 | C12: =SUMPRODUCT(('Raw Data'!B2:B16="Screen Guard")*UnitsSold*PricePerUnit) -> 35945 | D12: =SUMIF('Raw Data'!B:B,"Screen Guard",'Raw Data'!E1:E16) -> 31 | E12: =B12/3 -> 151.66667 | F12: =IF(C12>100000,"⭐ Top",IF(C12>50000,"✅ Mid", "⚠ Low")) -> ⚠ Low
A13: Phone Stand | B13: =SUMIF('Raw Data'!B:B,"Phone Stand",'Raw Data'!C:C) -> 151 | C13: =SUMPRODUCT(('Raw Data'!B2:B16="Phone Stand")*UnitsSold*PricePerUnit) -> 37599 | D13: =SUMIF('Raw Data'!B:B,"Phone Stand",'Raw Data'!E1:E16) -> 7 | E13: =B13/3 -> 50.333333 | F13: =IF(C13>100000,"⭐ Top",IF(C13>50000,"✅ Mid", "⚠ Low")) -> ⚠ Low
A15: HINTS — Read this before you start
A16: • Total Units per product: =SUMIF('Raw Data'!B:B, "Earphones", 'Raw Data'!C:C)
A17: • Revenue per product: =SUMPRODUCT(('Raw Data'!B2:B16="Earphones")*'Raw Data'!C2:C16*'Raw Data'!D2:D16)
A18: • Returns per product: =SUMIF('Raw Data'!B:B, "Earphones", 'Raw Data'!E:E)
A19: • Avg Monthly Units: Total Units / 3 (Jan, Feb, Mar = 3 months)
A20: • Status: =IF([Revenue cell]>100000, "⭐ Top", IF([Revenue cell]>50000, "✅ Mid", "⚠ Low"))
A21: • Replace 'Earphones' with each product name for each row

Sheet Answer Key — Read After
A1: Metric | B1: Formula | C1: Value
A2: Total Units (Named Range) | B2: =SUM(UnitsSold) -> 1911 | C2: 1,931
A3: Average Units (Named Range) | B3: =AVERAGE(UnitsSold) -> 127.4 | C3: 128.7
A4: Total Returns (Named Range) | B4: =SUM(Returns) -> 88 | C4: 88
A5: Max Price (Named Range) | B5: =MAX(PricePerUnit) -> 399 | C5: 399
A6: Min Price (Named Range) | B6: =MIN(PricePerUnit) -> 79 | C6: 79
A7: Return Rate (Named Range) | B7: =SUM(Returns)/SUM(UnitsSold) -> 0.046049189 | C7: 4.6%
A9: Earphones Total Units | B9: =SUMIF('Raw Data'!B:B,"Earphones",'Raw Data'!C:C) -> 330 | C9: 330
A10: Earphones Revenue | B10: =SUMPRODUCT(('Raw Data'!B2:B16="Earphones")*'Raw Data'!C2:C16*'Raw Data'!D2:D16) -> 131670 | C10: ₹1,31,670
A11: Earphones Returns | B11: =SUMIF('Raw Data'!B:B,"Earphones",'Raw Data'!E:E) -> 25 | C11: 25
A12: USB Cable Total Units | B12: SUMIF same logic | C12: 622
A13: USB Cable Revenue | B13: SUMPRODUCT same logic | C13: ₹61,578
A14: Mobile Cover Total Units | B14: SUMIF same logic | C14: 353
A15: Mobile Cover Revenue | B15: SUMPRODUCT same logic | C15: ₹52,597
A16: Screen Guard Total Units | B16: SUMIF same logic | C16: 455
A17: Screen Guard Revenue | B17: SUMPRODUCT same logic | C17: ₹35,945
A18: Phone Stand Total Units | B18: SUMIF same logic | C18: 151
A19: Phone Stand Revenue | B19: SUMPRODUCT same logic | C19: ₹37,599
A22: Earphones generated ₹1,31,670 — 41% of total Q1 revenue — despite ranking 4th in unit volume.
A23: Screen Guard had the worst return rate: 31 returns on 455 units (6.8%), the highest of all 5 products.
A24: Recommendation: prioritise Earphones stock before Q2 and investigate Screen Guard quality — its return rate is 50% higher than the product average.
