Workbook
Name Category: 'Raw Data'!$B$2:$B$28
Name City: 'Raw Data'!$A$2:$A$28
Name PricePerUnit: 'Raw Data'!$E$2:$E$28
Name Product: 'Raw Data'!$C$2:$C$28
Name Returns: 'Raw Data'!$F$2:$F$28
Name UnitSold: 'Raw Data'!$D$2:$D$28

Sheet Raw Data
A1: City | B1: Category | C1: Product | D1: Units Sold | E1: Price (₹) | F1: Returns | G1: Month | H1: Revenue
A2: Delhi | B2: Electronics | C2: Earphones | D2: 145 | E2: 399 | F2: 9 | G2: Jan | H2: =D2*E2 -> 57855
A3: Delhi | B3: Electronics | C3: USB Cable | D3: 230 | E3: 99 | F3: 6 | G3: Jan | H3: =D3*E3 -> 22770
A4: Delhi | B4: Accessories | C4: Mobile Cover | D4: 180 | E4: 149 | F4: 4 | G4: Jan | H4: =D4*E4 -> 26820
A5: Mumbai | B5: Electronics | C5: Earphones | D5: 112 | E5: 399 | F5: 7 | G5: Jan | H5: =D5*E5 -> 44688
A6: Mumbai | B6: Accessories | C6: Screen Guard | D6: 195 | E6: 79 | F6: 14 | G6: Jan | H6: =D6*E6 -> 15405
A7: Mumbai | B7: Accessories | C7: Phone Stand | D7: 68 | E7: 249 | F7: 3 | G7: Jan | H7: =D7*E7 -> 16932
A8: Bengaluru | B8: Electronics | C8: Earphones | D8: 98 | E8: 399 | F8: 5 | G8: Jan | H8: =D8*E8 -> 39102
A9: Bengaluru | B9: Electronics | C9: USB Cable | D9: 175 | E9: 99 | F9: 4 | G9: Jan | H9: =D9*E9 -> 17325
A10: Bengaluru | B10: Accessories | C10: Mobile Cover | D10: 155 | E10: 149 | F10: 6 | G10: Jan | H10: =D10*E10 -> 23095
A11: Delhi | B11: Electronics | C11: Earphones | D11: 160 | E11: 399 | F11: 11 | G11: Feb | H11: =D11*E11 -> 63840
A12: Delhi | B12: Electronics | C12: USB Cable | D12: 215 | E12: 99 | F12: 5 | G12: Feb | H12: =D12*E12 -> 21285
A13: Delhi | B13: Accessories | C13: Mobile Cover | D13: 165 | E13: 149 | F13: 3 | G13: Feb | H13: =D13*E13 -> 24585
... A28: Bengaluru | B28: Accessories | C28: Mobile Cover | D28: 148 | E28: 149 | F28: 3 | G28: Mar | H28: =D28*E28 -> 22052

Sheet Dashboard
A1: Q1 Sales Dashboard — Delhi · Mumbai · Bengaluru
A2: Build your dashboard below. Raw data is in the 'Raw Data' sheet. No hints. No yellow cells. You decide the layout.
A5: Total Revenue | C5: Total Units | E5: Total Returns | G5: Return Rate
A6: =SUM(C12:C16) -> 855416 | C6: =SUM(B12:B16) -> 4234 | E6: =SUM(D12:D16) -> 183 | G6: =E6/C6 -> 0.04322154
A11: Products | B11: Total Units | C11: Revenue | D11: Returns | E11: Contribution
A12: Earphones | B12: =SUMIF(Product,"Earphones",UnitSold) -> 1223 | C12: =SUMPRODUCT((Product="Earphones")*UnitSold*PricePerUnit) -> 487977 | D12: =SUMIF(Product,"Earphones",Returns) -> 75 | E12: =C12/$A$6 -> 0.57045578 | G12: January | H12: =SUMIF('Raw Data'!G2:G28,"Jan",'Raw Data'!H2:H28) -> 263992
A13: USB Cable | B13: =SUMIF(Product,"USB Cable",UnitSold) -> 1255 | C13: =SUMPRODUCT((Product="USB Cable")*UnitSold*PricePerUnit) -> 124245 | D13: =SUMIF(Product,"USB Cable",Returns) -> 33 | E13: =C13/$A$6 -> 0.14524512 | G13: February | H13: =SUMIF('Raw Data'!G2:G28,"FEB",'Raw Data'!H2:H28) -> 283273
A14: Mobile Cover | B14: =SUMIF(Product,"Mobile Cover",UnitSold) -> 946 | C14: =SUMPRODUCT((Product="Mobile Cover")*UnitSold*PricePerUnit) -> 140954 | D14: =SUMIF(Product,"Mobile Cover",Returns) -> 25 | E14: =C14/$A$6 -> 0.16477831 | G14: March | H14: =SUMIF('Raw Data'!G2:G28,"Mar",'Raw Data'!H2:H28) -> 308151
A15: Screen Guard | B15: =SUMIF(Product,"Screen Guard",UnitSold) -> 585 | C15: =SUMPRODUCT((Product="Screen Guard")*UnitSold*PricePerUnit) -> 46215 | D15: =SUMIF(Product,"Screen Guard",Returns) -> 41 | E15: =C15/$A$6 -> 0.054026345
A16: Phone Stand | B16: =SUMIF(Product,"Phone Stand",UnitSold) -> 225 | C16: =SUMPRODUCT((Product="Phone Stand")*UnitSold*PricePerUnit) -> 56025 | D16: =SUMIF(Product,"Phone Stand",Returns) -> 9 | E16: =C16/$A$6 -> 0.065494449
A20: Cities | B20: Revenue
A21: Delhi | B21: =SUMIF(City,"Delhi",'Raw Data'!H2:H28) -> 333580
A22: Mumbai | B22: =SUMIF(City,"Mumbai",'Raw Data'!H2:H28) -> 259845
A23: Bengaluru | B23: =SUMIF(City,"Bengaluru",'Raw Data'!H2:H28) -> 261991
A25: Earphones generated ₹487977 — 57.05% of total Q1 revenue — despite ranking 2nd in unit volume.
A26: Screen Guard had the worst return rate: 41 returns on 585 units (7.01%), the highest of all 5 products.
A27: Prioritise the Earphones stock before Q2 and check why Screen Guard has such high return rate

Sheet Client Brief
A1: CLIENT BRIEF — Read this before you start
A3: Who you are:
A4: A freelance data analyst. The client is a retail chain owner who sells electronics and accessories in 3 cities.
A6: What the client asked for:
A7: "I want a single-sheet dashboard that shows me:
A8: 1. Overall Q1 numbers — total revenue, total units, total returns, return rate
A9: 2. Revenue by product — which product made the most money
A10: 3. Revenue by city — which city performed best
A11: 4. One chart — whatever you think tells the most important story
A12: 5. A 3-sentence summary at the bottom — written for me, not for Excel"
A14: Scoring (60 points total):
A15: KPI section — 4 metrics, correct formulas → 12 pts
... A31: Hint: revenue per row = Units Sold × Price. Think about how SUMPRODUCT handles this.
